,trial_index,arm_name,trial_status,generation_method,function,x1,x2
0,0,0_0,COMPLETED,Sobol,498251625.7078486,46.29725217819214,-88.71491476893425
1,1,1_0,COMPLETED,Sobol,861475599.5363102,-54.9546567723155,84.9291767925024
2,2,2_0,COMPLETED,Sobol,128484014.70468435,32.94666428118944,-48.02070539444685
3,3,3_0,COMPLETED,Sobol,7405377.0781168025,-15.93027450144291,-18.349312618374825
4,4,4_0,COMPLETED,Sobol,1411528658.4792058,61.07768788933754,-26.542857475578785
5,5,5_0,COMPLETED,BoTorch,1305860.7790208696,7.001301434692152,-65.25446802010755
6,6,6_0,COMPLETED,BoTorch,593934.0143187204,7.944176394807073,-13.954047337605815
7,7,7_0,COMPLETED,BoTorch,238908399.13915122,-38.15076997188942,-90.17998884568216
8,8,8_0,COMPLETED,BoTorch,19540836.205474496,19.581024987424527,-58.62973574552757
9,9,9_0,COMPLETED,BoTorch,710043.9415553096,-6.438270394258822,-42.80949640620376
10,10,10_0,COMPLETED,BoTorch,610057.8413641701,2.191153951933785,82.90726439810075
11,11,11_0,COMPLETED,BoTorch,2838.4592749656927,-5.524670463210512,35.80959939985948
12,12,12_0,COMPLETED,BoTorch,6626627.882857374,-12.546665291331479,-100.0
13,13,13_0,COMPLETED,BoTorch,18334360.542533442,22.356993842228178,71.65408555328412
14,14,14_0,COMPLETED,BoTorch,10790833.944636628,18.477230498919695,12.918648435147546
15,15,15_0,COMPLETED,BoTorch,6418.364819932973,6.720388879297445,53.15464788217565
16,16,16_0,COMPLETED,BoTorch,10201010201.0,-100.0,-100.0
17,17,17_0,COMPLETED,BoTorch,129441.92270752667,-11.660006737143163,100.0
18,18,18_0,COMPLETED,BoTorch,1038179.8299457408,-1.3750757059737424,-100.0
19,19,19_0,COMPLETED,BoTorch,95144.04783529179,11.437996451420915,100.0
20,20,20_0,COMPLETED,BoTorch,324780.20031750965,-6.558621997328572,100.0
21,21,21_0,COMPLETED,BoTorch,647295.1110188835,-10.780559166536335,35.77442872962291
22,22,22_0,COMPLETED,BoTorch,41397.35207560256,1.228752225574084,-18.836494355979468
23,23,23_0,COMPLETED,BoTorch,9801009801.0,100.0,100.0
24,24,24_0,COMPLETED,BoTorch,241077.3741037042,7.134718065665908,100.0
25,25,25_0,COMPLETED,BoTorch,71597.1134160304,-1.3431307546472624,28.560611211701996
26,26,26_0,COMPLETED,BoTorch,187063.37456633608,10.176642643059978,60.32296810273621
27,27,27_0,COMPLETED,BoTorch,118430.19153349454,-2.2946794791124887,-29.14655683720983
28,28,28_0,COMPLETED,BoTorch,133.9189108058827,-9.42963661131374,89.4194605319039
29,29,29_0,COMPLETED,BoTorch,9111.910012219507,4.352026924147154,9.400393106767396
30,30,30_0,COMPLETED,BoTorch,1173.3207457142428,9.833131421167039,100.0
31,31,31_0,COMPLETED,BoTorch,2031.5160165816326,-3.8450430618763676,10.30323845863525
32,32,32_0,COMPLETED,BoTorch,4591.060100823625,-7.759583226060812,53.492255594956504
33,33,33_0,COMPLETED,BoTorch,9190.781911660133,1.7413908390785195,12.619011957829926
34,34,34_0,COMPLETED,BoTorch,97.17390591492173,-0.7094242779381688,-0.4675507251887723
35,35,35_0,COMPLETED,BoTorch,32315.496891946208,-6.435910466237729,23.459817694034754
36,36,36_0,COMPLETED,BoTorch,530.6874953900409,-10.10042493238447,100.0
37,37,37_0,COMPLETED,BoTorch,3755.5368687592977,5.836953995912026,27.960907017311115
38,38,38_0,COMPLETED,BoTorch,195.54821350738328,8.428505101000212,72.22445781434382
39,39,39_0,COMPLETED,BoTorch,10.95849848534461,-2.307627984969315,5.338598905116584
40,40,40_0,COMPLETED,BoTorch,43419.039202555476,3.1779635358218457,-10.736645210859848
41,41,41_0,COMPLETED,BoTorch,3663876692.3658705,-78.44100529264546,100.0
42,42,42_0,COMPLETED,BoTorch,30062.613631981818,-10.095349217668698,84.61303942906875
43,43,43_0,COMPLETED,BoTorch,18813.136452227813,4.386934898290406,32.95711419752217
44,44,44_0,COMPLETED,BoTorch,19215.976685530255,-3.830368796012664,28.525477032288904
45,45,45_0,COMPLETED,BoTorch,4493831232.41638,81.2625351736321,-100.0
46,46,46_0,COMPLETED,BoTorch,7086.445513956853,7.543193900077966,48.50713927183094
47,47,47_0,COMPLETED,BoTorch,875.5687928419937,0.5087614370921472,3.2174315776722437
48,48,48_0,COMPLETED,BoTorch,811.5100657342978,3.135222904259521,12.67031076068767
49,49,49_0,COMPLETED,BoTorch,1864.7540482924676,-4.902250960915197,19.75431100575571
50,50,50_0,COMPLETED,BoTorch,1511.010182802646,-8.621482501129236,70.56374589609217
51,51,51_0,COMPLETED,BoTorch,1221.2155192066205,-6.767532286606283,49.206663573830724
52,52,52_0,COMPLETED,BoTorch,69.00936019103749,9.295846246449727,86.36936443747177
53,53,53_0,COMPLETED,BoTorch,674.38732411617,2.1621471879398797,2.0805853017192675
54,54,54_0,COMPLETED,BoTorch,49.54279224767855,5.142366990088718,27.013004056309427
55,55,55_0,COMPLETED,BoTorch,3733.202764617297,10.29751620949331,100.0
56,56,56_0,COMPLETED,BoTorch,105.67583851239058,-1.4934224195442596,1.2330207801933994
57,57,57_0,COMPLETED,BoTorch,2154268240.8441424,-67.38994353503992,-100.0
58,58,58_0,COMPLETED,BoTorch,3209.2195469805183,-7.945519534404198,68.72520346981474
59,59,59_0,COMPLETED,BoTorch,18.21466197941068,-3.041903241555289,9.390203801213048
60,60,60_0,COMPLETED,BoTorch,747.5432419960672,7.73692470946385,62.5098286474248
61,61,61_0,COMPLETED,BoTorch,33.20017719833861,6.2894623461019705,39.785848425212436
62,62,62_0,COMPLETED,BoTorch,9801010201.0,-100.0,100.0
63,63,63_0,COMPLETED,BoTorch,23.98593444420854,1.2355849917264834,1.0374828418933788
64,64,64_0,COMPLETED,BoTorch,20.055089097456612,3.7855760491758446,14.68123763426712
65,65,65_0,COMPLETED,BoTorch,3353876317.5683565,76.75455137621651,100.0
66,66,66_0,COMPLETED,BoTorch,2423.8393081608,-0.0400592331772458,-4.920546804622745
67,67,67_0,COMPLETED,BoTorch,111.56230391909024,-6.17740058622239,38.93517944635525
68,68,68_0,COMPLETED,BoTorch,1377.4115600636053,6.828652320328928,42.965198018728046
69,69,69_0,COMPLETED,BoTorch,135.59566955413402,-5.490296413791086,29.17654696403207
70,70,70_0,COMPLETED,BoTorch,10201009801.0,100.0,-100.0
71,71,71_0,COMPLETED,BoTorch,48.27159745123048,-4.417713679735655,19.951165142921923
72,72,72_0,COMPLETED,BoTorch,2265.487886736876,-0.20850359062887946,4.801653447367244
73,73,73_0,COMPLETED,BoTorch,227.48573447635408,9.748884532873149,93.8121620156796
74,74,74_0,COMPLETED,BoTorch,460.9686211331383,-9.76389127803536,97.19127917848002
75,75,75_0,COMPLETED,BoTorch,103.80830080036972,-7.6240190895211555,58.66820367102386
76,76,76_0,COMPLETED,BoTorch,445628017.17518514,47.021115609337585,100.0
77,77,77_0,COMPLETED,BoTorch,140872935.07668373,-35.87329536787274,100.0
78,78,78_0,COMPLETED,BoTorch,1755.5385885885123,5.68181103481156,36.44665197570319
79,79,79_0,COMPLETED,BoTorch,1269.887906596222,-8.810255894917717,81.04646179982205
80,80,80_0,COMPLETED,BoTorch,3.1368922196124904,2.6660353791451143,7.1678460850199315
81,81,81_0,COMPLETED,BoTorch,14.103896500004506,4.508829420455271,20.46340881755988
82,82,82_0,COMPLETED,BoTorch,372.63329861297814,-6.81774475419698,44.71666147802915
83,83,83_0,COMPLETED,BoTorch,71.90909814457619,8.877906733638,78.5034177794877
84,84,84_0,COMPLETED,BoTorch,5239853807.830096,-84.49070008529478,-100.0
85,85,85_0,COMPLETED,BoTorch,316.42331979831897,3.2752221434190147,8.962861610218638
86,86,86_0,COMPLETED,BoTorch,43.25724510588698,7.331823340821742,53.933545228751996
87,87,87_0,COMPLETED,BoTorch,225.95290676211698,-3.6527055620387756,14.771611754983226
88,88,88_0,COMPLETED,BoTorch,127.65476233195719,-8.135883872522314,65.52784787312208
89,89,89_0,COMPLETED,BoTorch,236.8617694066969,8.164401725258415,65.29535011211297
90,90,90_0,COMPLETED,BoTorch,68.3887440955472,-7.266720332477135,52.78284604372459
91,91,91_0,COMPLETED,BoTorch,1691.501075494557,-2.472637414873958,2.015836390740276
92,92,92_0,COMPLETED,BoTorch,172.97698385594038,-5.950280069826022,34.28927305514276
93,93,93_0,COMPLETED,BoTorch,296.6001994148293,-9.809152200454903,94.87871177563628
94,94,94_0,COMPLETED,BoTorch,118.82957721403204,-4.957573698406065,25.490427400327093
95,95,95_0,COMPLETED,BoTorch,208.20120419731808,-9.063069995191682,81.10513993545817
96,96,96_0,COMPLETED,BoTorch,533.6733370302211,-1.277208625715602,3.9301478166303667
97,97,97_0,COMPLETED,BoTorch,809168903.6684914,-52.38878145038177,-100.0
98,98,98_0,COMPLETED,BoTorch,35.66932827669362,6.972379651688129,48.61376860793399
99,99,99_0,COMPLETED,BoTorch,124.23970138738748,-8.546275205282896,73.61421827765645
100,100,100_0,COMPLETED,BoTorch,158.34792731871318,0.6967038895894717,-0.7726018571139974
101,101,101_0,COMPLETED,BoTorch,62384025.251178816,-26.26463173056598,-100.0
102,102,102_0,COMPLETED,BoTorch,1.9417651739060255,1.6694722891241724,2.6649259396153155
103,103,103_0,COMPLETED,BoTorch,1061.411863613783,8.91800189211179,82.69100632915095
104,104,104_0,COMPLETED,BoTorch,542.389060845821,-9.896550596449956,100.0
105,105,105_0,COMPLETED,BoTorch,5973806481.655527,88.48183658027202,100.0
106,106,106_0,COMPLETED,BoTorch,32.87166241648202,-1.9000209743894203,4.104665800423149
107,107,107_0,COMPLETED,BoTorch,101.73315615147506,4.893957857609848,23.020392169324737
108,108,108_0,COMPLETED,BoTorch,23.859585508280905,5.465498870476864,30.069640155799135
109,109,109_0,COMPLETED,BoTorch,1.0461614550570686,0.044772363580733554,0.038569796343224994
110,110,110_0,COMPLETED,BoTorch,26.063680589629378,-4.098609957593013,16.824652977940474
111,111,111_0,COMPLETED,BoTorch,88.86747758823059,7.6596986519019055,58.00378113388945
112,112,112_0,COMPLETED,BoTorch,58.52304705698283,6.002384214549124,35.449831331595334
113,113,113_0,COMPLETED,BoTorch,13.816881021289475,4.186988909042611,17.72218693738982
114,114,114_0,COMPLETED,BoTorch,151.14581178711322,-2.6282519077951747,8.08236378455669
115,115,115_0,COMPLETED,BoTorch,80.14218830260494,6.598523169389779,44.23906887061793
116,116,116_0,COMPLETED,BoTorch,66.99518748869025,-6.483180106754929,41.700003986952936
117,117,117_0,COMPLETED,BoTorch,1881588382.7566247,-66.61623440911512,100.0
118,118,118_0,COMPLETED,BoTorch,296.97061557498387,-1.0754464007575137,-0.5541550480194815
119,119,119_0,COMPLETED,BoTorch,82.09084716966514,-7.870735962406499,61.76406955108175
120,120,120_0,COMPLETED,BoTorch,91.35186067130493,-8.306102805249367,69.2092500125093
121,121,121_0,COMPLETED,BoTorch,23.259037119280567,-3.3482296136145635,11.002028594148229
122,122,122_0,COMPLETED,BoTorch,138.20948320196936,2.8680568352542366,7.065061219649493
123,123,123_0,COMPLETED,BoTorch,27.53663133103264,2.1939960943978605,5.324608144484614
124,124,124_0,COMPLETED,BoTorch,126.27069111371705,-7.078009824731737,49.317092818509394
125,125,125_0,COMPLETED,BoTorch,27400574.0366779,-24.968963426290884,100.0
126,126,126_0,COMPLETED,BoTorch,101.03048432605223,-8.767502048076551,76.63189207729988
127,127,127_0,COMPLETED,BoTorch,235.8147558621739,9.124745244383377,81.95788993514572
128,128,128_0,COMPLETED,BoTorch,177.9142369880464,1.0789469138026533,2.4979480364698077
129,129,129_0,COMPLETED,BoTorch,2542651799.845543,70.30267886292089,-100.0
130,130,130_0,COMPLETED,BoTorch,130.90178906342902,9.900970045290052,97.31035791378099
131,131,131_0,COMPLETED,BoTorch,2.0721200650824887,-0.4216075682118543,0.20036974662755824
132,132,132_0,COMPLETED,BoTorch,72.24127914438219,-7.46303401261045,55.7755109181966
133,133,133_0,COMPLETED,BoTorch,6212523029.989038,-89.34176412587264,100.0
134,134,134_0,COMPLETED,BoTorch,1581237302.8955097,63.84725913052921,100.0
135,135,135_0,COMPLETED,BoTorch,95.76920866993626,3.6345210719332925,12.267254656391557
136,136,136_0,COMPLETED,BoTorch,116.60706692362741,-9.259396678025922,85.39950182376305
137,137,137_0,COMPLETED,BoTorch,87.8922779903427,-5.718623110850757,32.048797231010354
138,138,138_0,COMPLETED,BoTorch,78.54675193614638,-4.713816178936526,22.897551393867005
139,139,139_0,COMPLETED,BoTorch,134291680.5433017,35.48010349318659,100.0
140,140,140_0,COMPLETED,BoTorch,505.7030813972625,-1.797637397313224,1.0001860111473775
141,141,141_0,COMPLETED,BoTorch,39.68224339031339,-5.204338373244596,26.976122824425246
142,142,142_0,COMPLETED,BoTorch,154.34084837416756,8.139808547923138,67.27316398388035
143,143,143_0,COMPLETED,BoTorch,62.448810422910526,8.642441987809192,74.49075896818312
144,144,144_0,COMPLETED,BoTorch,66.74836054463059,7.900673089267229,61.9832673238634
145,145,145_0,COMPLETED,BoTorch,386741634.2932132,-45.45953460340855,100.0
146,146,146_0,COMPLETED,BoTorch,100.4053006252391,9.483202149787289,90.46442013458395
147,147,147_0,COMPLETED,BoTorch,21.82398578516111,5.664479124287595,32.1121346549848
148,148,148_0,COMPLETED,BoTorch,187.01448151512324,-2.898383943124429,7.0898393225555765
149,149,149_0,COMPLETED,BoTorch,21765216.856599182,-19.14491359701114,-100.0
150,150,150_0,COMPLETED,BoTorch,385.1821201382781,1.0806018405049826,-0.7948888283775659
151,151,151_0,COMPLETED,BoTorch,144.52603039526534,4.711652327997882,23.34312586813371
152,152,152_0,COMPLETED,BoTorch,107.06570018009366,2.449420673234499,7.024185328153052
153,153,153_0,COMPLETED,BoTorch,6936812341.339,90.71244667050286,-100.0
154,154,154_0,COMPLETED,BoTorch,4.413955640974136,-0.9998570930873001,1.0640979971193332
155,155,155_0,COMPLETED,BoTorch,186.38205523190715,-4.244332221575263,16.75388373536552
156,156,156_0,COMPLETED,BoTorch,121.32838855644178,-6.155419299521782,37.05175996087428
157,157,157_0,COMPLETED,BoTorch,3348463613.3966947,-75.75759774080299,-47.37235700337163
158,158,158_0,COMPLETED,BoTorch,17.36355809610191,4.01883281911357,15.863785500865873
159,159,159_0,COMPLETED,BoTorch,72.90429087117371,6.200816191517205,37.772952320206144
160,160,160_0,COMPLETED,BoTorch,347.7842303564926,-3.132959941766643,11.633961772957818
161,161,161_0,COMPLETED,BoTorch,964862949.9682986,54.829003744486926,-100.0
162,162,162_0,COMPLETED,BoTorch,106.59003093023401,9.97444809149863,100.0
163,163,163_0,COMPLETED,BoTorch,74.98949910352042,8.42461670912688,70.52846987244354
164,164,164_0,COMPLETED,BoTorch,6.212426223903158,0.2788441058160487,-0.1608326449208306
165,165,165_0,COMPLETED,BoTorch,879999460.7064363,55.37574832270326,100.0
166,166,166_0,COMPLETED,BoTorch,319.64361404753487,4.6474452108079305,19.848490556301584
167,167,167_0,COMPLETED,BoTorch,92.71307232655462,5.236889265114613,26.56035987228158
168,168,168_0,COMPLETED,BoTorch,74.50525926957722,1.4524025203339335,2.971450988151034
169,169,169_0,COMPLETED,BoTorch,7400150142.252336,-92.59449127695085,-28.667628619147777
170,170,170_0,COMPLETED,BoTorch,88.72674102986115,-0.725429099496651,1.4522583688954
171,171,171_0,COMPLETED,BoTorch,14.305407752664797,1.9545925321926347,4.186412305858013
172,172,172_0,COMPLETED,BoTorch,138.42584557743402,-9.59516252487947,91.55559352308154
173,173,173_0,COMPLETED,BoTorch,1345129268.4101117,-60.35949031314424,-24.327195007251007
174,174,174_0,COMPLETED,BoTorch,118.84773498296707,-2.109181046357321,5.49354050984725
175,175,175_0,COMPLETED,BoTorch,39.13457895582978,-3.8512538854004674,15.227123763079447
176,176,176_0,COMPLETED,BoTorch,38.01200368072112,7.1645152247420185,51.319907424582
177,177,177_0,COMPLETED,BoTorch,39.3973956505344,6.820230034541709,46.75053385159785
178,178,178_0,COMPLETED,BoTorch,39.0388380522679,-1.650896495270132,3.291247058957694
179,179,179_0,COMPLETED,BoTorch,21.898105438030044,2.9570485976554153,9.169201888845066
180,180,180_0,COMPLETED,BoTorch,64447805.9840846,26.510183996580423,-100.0
181,181,181_0,COMPLETED,BoTorch,76.22073265218144,-6.635087021863811,44.447772971646316
182,182,182_0,COMPLETED,BoTorch,97.32532699019227,3.5057647832101253,13.244569453676846
183,183,183_0,COMPLETED,BoTorch,25.675557786846497,-3.5666983290912952,12.501773217861583
184,184,184_0,COMPLETED,BoTorch,12.061227157539513,0.5091912041452815,-0.08453144208843355
185,185,185_0,COMPLETED,BoTorch,87279104.33197337,-30.559234186890578,-0.36073893852460515
186,186,186_0,COMPLETED,BoTorch,15.214682781204841,0.8714476271618707,1.1492691048659935
187,187,187_0,COMPLETED,BoTorch,1.420076266589408,-0.1665568804527453,0.0034057652625278934
188,188,188_0,COMPLETED,BoTorch,66.35037992849935,-6.897582533340767,47.37718127230332
189,189,189_0,COMPLETED,BoTorch,441320090.93389124,-45.57382637360793,-23.783169989400946
190,190,190_0,COMPLETED,BoTorch,42.676090480218065,7.491726231092869,56.19900855200933
191,191,191_0,COMPLETED,BoTorch,216.38403460107477,1.598076565633761,1.084065259514432
192,192,192_0,COMPLETED,BoTorch,30.740293615190822,6.449064374291197,41.48805986925862
193,193,193_0,COMPLETED,BoTorch,7999112946.212747,94.60983850012573,7.250421737536158
194,194,194_0,COMPLETED,BoTorch,84.28203595536935,2.47762716517272,5.232553294403331
195,195,195_0,COMPLETED,BoTorch,103.11875970101038,-8.422488939083948,71.31694192906343
196,196,196_0,COMPLETED,BoTorch,108.05388488945982,-8.884006487302827,78.60369705733808
197,197,197_0,COMPLETED,BoTorch,2532598705.2736635,71.05995061704951,17.028333447964286
198,198,198_0,COMPLETED,BoTorch,29.714554483984077,5.824924822710813,33.67608297373593
199,199,199_0,COMPLETED,BoTorch,200.4741225582056,-9.916424132255784,97.43377024505463
200,200,200_0,COMPLETED,BoTorch,119.65586542502035,8.737173207518723,77.11144863219522
201,201,201_0,COMPLETED,BoTorch,282190119.5635434,41.03883730144301,4.339398878561056
202,202,202_0,COMPLETED,BoTorch,194.55947361945752,-3.2510817066056177,9.241045236580874
203,203,203_0,COMPLETED,BoTorch,12.355179711850278,-2.5142675632711615,6.32868505215572
204,204,204_0,COMPLETED,BoTorch,15.570722034539651,3.382426250641913,11.126247852304942
205,205,205_0,COMPLETED,BoTorch,64.6194033238902,4.369001307330393,18.358314673512297
206,206,206_0,COMPLETED,BoTorch,4745097041.81909,83.06694890060587,11.656410276864705
207,207,207_0,COMPLETED,BoTorch,219.0076704022062,-6.405212247337744,42.30803430636675
208,208,208_0,COMPLETED,BoTorch,46.59713458666498,4.939126980267545,24.952473427831308
209,209,209_0,COMPLETED,BoTorch,138.5807847776664,9.411457795899764,87.75195929568139
210,210,210_0,COMPLETED,BoTorch,67.21884291879933,9.15540955991176,83.90567513538102
211,211,211_0,COMPLETED,BoTorch,77.02352412584744,-5.374180956776328,29.48508989501073
212,212,212_0,COMPLETED,BoTorch,4.9558856538747404,-1.226180536164037,1.5037610763897646
213,213,213_0,COMPLETED,BoTorch,256023247.31738368,38.73071387984291,-100.0
214,214,214_0,COMPLETED,BoTorch,4914199073.936064,-83.80694301319198,13.473968232443198
215,215,215_0,COMPLETED,BoTorch,33.0568098687565,-4.580223543381564,20.839958896439654
216,216,216_0,COMPLETED,BoTorch,56.74873866013709,8.282550637577188,68.40794854430922
217,217,217_0,COMPLETED,BoTorch,68.87126593272995,-2.0944568606302596,3.61671316092378
218,218,218_0,COMPLETED,BoTorch,133.2463567343157,6.098408120333559,38.22620987220105
219,219,219_0,COMPLETED,BoTorch,25969378.524719026,-22.519420809909832,-2.4718535770825127
220,220,220_0,COMPLETED,BoTorch,81.68689062927771,-8.00192975633891,64.11163571007279
221,221,221_0,COMPLETED,BoTorch,69.83669255437395,-5.951903357260164,35.88891787060956
222,222,222_0,COMPLETED,BoTorch,700190826.5125668,51.45973003997125,1.9967122699111002
223,223,223_0,COMPLETED,BoTorch,34.74664274503828,-4.880517675625953,23.77869071496515
224,224,224_0,COMPLETED,BoTorch,98.9078843260314,-7.616704839918228,57.51760141807111
225,225,225_0,COMPLETED,BoTorch,2369241431.237067,-69.85081646714998,11.656297789084263
226,226,226_0,COMPLETED,BoTorch,615.963821771334,4.3023786214982636,20.970254715170583
227,227,227_0,COMPLETED,BoTorch,78.53490002440792,-7.753382673934624,59.976624712221195
228,228,228_0,COMPLETED,BoTorch,188.14035240786,-5.176344117821159,25.56982161905563
229,229,229_0,COMPLETED,BoTorch,6.8710259322113885,3.1123974116408704,9.531814455125229
230,230,230_0,COMPLETED,BoTorch,113.1355476680886,-6.333148556070128,39.33831310734601
231,231,231_0,COMPLETED,BoTorch,100.3232910950538,9.695834759953456,94.50626047184579
232,232,232_0,COMPLETED,BoTorch,49.89840692545653,5.52451409085333,29.977787699794987
233,233,233_0,COMPLETED,BoTorch,50.00938566018908,-5.617413468656892,31.804717811179188
234,234,234_0,COMPLETED,BoTorch,6.475967016026361,-1.3855944772350028,2.0084669765423797
235,235,235_0,COMPLETED,BoTorch,32.44307072835775,2.7753800324024525,8.243946819207352
236,236,236_0,COMPLETED,BoTorch,21.532199043578526,-0.3164601121538766,-0.3448151510498434
237,237,237_0,COMPLETED,BoTorch,58534337.82070582,28.180210455020585,29.05172187311581
238,238,238_0,COMPLETED,BoTorch,3.434873740925613,2.2896663145645704,5.1094690695708636
239,239,239_0,COMPLETED,BoTorch,16.005562615983152,-2.801727217433168,7.725078740428444
240,240,240_0,COMPLETED,BoTorch,63.7696649948563,8.971641909109579,80.53753801834736
241,241,241_0,COMPLETED,BoTorch,9998487951.101013,-100.0,0.7611539172577011
242,242,242_0,COMPLETED,BoTorch,1712076762.2376797,63.543057892659334,-100.0
243,243,243_0,COMPLETED,BoTorch,8.343268918689688,1.7711210883800845,3.4152337217518607
244,244,244_0,COMPLETED,BoTorch,37.95914764328891,-3.746420667646092,13.642849305030524
245,245,245_0,COMPLETED,BoTorch,115.37158716700318,-9.139537284293084,83.885562013456
246,246,246_0,COMPLETED,BoTorch,54.53917894642319,7.999100752704862,64.22123474394351
247,247,247_0,COMPLETED,BoTorch,0.1873153644463868,0.7313478160590421,0.5688021152178351
248,248,248_0,COMPLETED,BoTorch,4.399419775360306,-0.5888672417402745,0.48369237078051697
249,249,249_0,COMPLETED,BoTorch,230212407.70598543,-39.14263984818271,14.876349902161806
250,250,250_0,COMPLETED,BoTorch,46.11380293898994,-5.755123568670456,33.19088132489887
251,251,251_0,COMPLETED,BoTorch,35.85350277928345,6.71456289556896,45.26416409788504
252,252,252_0,COMPLETED,BoTorch,51.73754847388799,7.7872119587603805,60.40252512848957
253,253,253_0,COMPLETED,BoTorch,3469056102.8977637,76.5358393634161,-32.129805160662144
254,254,254_0,COMPLETED,BoTorch,40.711778829466006,5.991226864592662,36.292284351735816
255,255,255_0,COMPLETED,BoTorch,65.66560430499764,-4.256538550587877,18.734840845560413
256,256,256_0,COMPLETED,BoTorch,1329786574.9422472,-59.553495751035015,-100.0
257,257,257_0,COMPLETED,BoTorch,0.4961778177425483,1.351460599889549,1.7654004203519804
258,258,258_0,COMPLETED,BoTorch,86.16775506255024,10.011137359499983,100.0
259,259,259_0,COMPLETED,BoTorch,26.030510822864198,5.319526123823849,28.568876227272824
260,260,260_0,COMPLETED,BoTorch,28.987672160773073,-3.9711203235418964,15.563020540090918
261,261,261_0,COMPLETED,BoTorch,7.6629497830970275,-1.7580552895588966,3.0670770154531937
262,262,262_0,COMPLETED,BoTorch,743127301.9266704,-52.218490388376274,0.7397963587553136
263,263,263_0,COMPLETED,BoTorch,200.39608988378538,9.322408595570991,88.05243784464224
264,264,264_0,COMPLETED,BoTorch,20.033442021585618,-3.4448426307725555,11.919554057969009
265,265,265_0,COMPLETED,BoTorch,130.7848360059942,3.953104276310043,16.731859247913164
266,266,266_0,COMPLETED,BoTorch,7.1474476501507205,-0.8479175968764423,0.9121648775229971
267,267,267_0,COMPLETED,BoTorch,18.352115395054202,4.656791008974011,21.908861523300203
268,268,268_0,COMPLETED,BoTorch,33.72217903908447,-2.6044577427475843,6.327897339786276
269,269,269_0,COMPLETED,BoTorch,1288784221.4157648,-60.74503096242058,100.0
270,270,270_0,COMPLETED,BoTorch,7210716538.490402,-91.60561531655019,-100.0
271,271,271_0,COMPLETED,BoTorch,4.837294540621309,0.39096902841855297,-0.05848123755227164
272,272,272_0,COMPLETED,BoTorch,0.36790349279872014,1.0301635920110925,1.0006570254372775
273,273,273_0,COMPLETED,BoTorch,23.625397014797635,5.0272451132088065,25.001041011189244
274,274,274_0,COMPLETED,BoTorch,131287626.35968466,-32.338881808930765,-100.0
275,275,275_0,COMPLETED,BoTorch,72.3011246195948,-7.141968209459463,51.25285227776112
276,276,276_0,COMPLETED,BoTorch,89.41798233335095,-8.190150856054544,67.30126162794497
277,277,277_0,COMPLETED,BoTorch,73.75802613711167,9.580872333831977,91.75752589699033
278,278,278_0,COMPLETED,BoTorch,2328833636.690462,70.18400159586494,100.0
279,279,279_0,COMPLETED,BoTorch,185.01791067094786,-9.40303981725009,87.54083210488412
280,280,280_0,COMPLETED,BoTorch,81.1247143860521,-3.991054970728996,16.678280305583584
281,281,281_0,COMPLETED,BoTorch,10002725027.790655,100.0,-1.3575212521301268
282,282,282_0,COMPLETED,BoTorch,47.31381440236257,7.283488968605312,52.76936193932639
283,283,283_0,COMPLETED,BoTorch,1.3137658628269628,0.16770498011308632,0.10693174069109546
284,284,284_0,COMPLETED,BoTorch,49.53852192897964,3.876608890280238,14.38572865571328
285,285,285_0,COMPLETED,BoTorch,9.487949944553042,3.433223199717304,11.975896492549268
286,286,286_0,COMPLETED,BoTorch,36.86035557978728,-5.039247914866792,25.331742729766788
287,287,287_0,COMPLETED,BoTorch,40.9696981910637,7.06010640844228,49.639073167862904
288,288,288_0,COMPLETED,BoTorch,0.7354671742884171,1.4696657761625858,2.08816226851836
289,289,289_0,COMPLETED,BoTorch,2687802622.867403,-72.69385784167358,100.0
290,290,290_0,COMPLETED,BoTorch,453035015.75543237,-45.03839410927625,-100.0
291,291,291_0,COMPLETED,BoTorch,18.873185131721417,3.6667470849324815,13.787986734300645
292,292,292_0,COMPLETED,BoTorch,9.534075871578068,1.8628843971357298,3.1738672601481426
293,293,293_0,COMPLETED,BoTorch,72.45117584408467,9.070295226600251,82.54083840179615
294,294,294_0,COMPLETED,BoTorch,11.781989033056394,-1.1033200481553251,1.4885720881682118
295,295,295_0,COMPLETED,BoTorch,6.736542899323745,3.2215461098641356,10.512570953762364
296,296,296_0,COMPLETED,BoTorch,15.783886823566846,4.30247382580464,18.290429183311915
297,297,297_0,COMPLETED,BoTorch,75.55539396930334,-5.1855116290717405,27.50022586795673
298,298,298_0,COMPLETED,BoTorch,1.378110943084086,2.090120763101112,4.412164839348648
299,299,299_0,COMPLETED,BoTorch,7.002178744534803,-1.5565558732200486,2.4911450859518567
300,300,300_0,COMPLETED,BoTorch,103.70994146230424,-7.373032244597837,54.941279151511964
301,301,301_0,COMPLETED,BoTorch,8190379.50355518,13.644984326130768,-100.0
302,302,302_0,COMPLETED,BoTorch,35.976492762157996,1.6308008122134794,3.255989143671272
303,303,303_0,COMPLETED,BoTorch,228.66906952205213,-9.305139885245978,87.6923042142821
304,304,304_0,COMPLETED,BoTorch,60.66397390208139,0.25226628132899975,-0.7116350182659232
305,305,305_0,COMPLETED,BoTorch,13.119943786853755,-2.4258951500158616,5.767358341797163
306,306,306_0,COMPLETED,BoTorch,16.86950085813491,-1.9696105478407873,3.595624383385683
307,307,307_0,COMPLETED,BoTorch,256399587.05128172,41.246129089379735,100.0
308,308,308_0,COMPLETED,BoTorch,19.595743291099495,-2.9042470071886726,8.643279502227415
309,309,309_0,COMPLETED,BoTorch,26.54038164309622,-2.1869726351698375,4.378082867343053
310,310,310_0,COMPLETED,BoTorch,0.026740003294094258,1.156397204440097,1.3420293428506085
311,311,311_0,COMPLETED,BoTorch,18.600394504655355,2.600164272745616,6.360356195268935
312,312,312_0,COMPLETED,BoTorch,7710731865.964809,94.23944161622032,100.0
313,313,313_0,COMPLETED,BoTorch,1.640066677421879,-0.042784862395379264,-0.07251099226925817
314,314,314_0,COMPLETED,BoTorch,58.55657522880669,-0.48800579588298376,-0.5124661835465503
315,315,315_0,COMPLETED,BoTorch,65.74163402022762,-4.477639004438444,19.451445860403524
316,316,316_0,COMPLETED,BoTorch,104.8463038777197,-7.024618664235732,49.9812846667767
317,317,317_0,COMPLETED,BoTorch,6181521699.087543,88.60067727645466,-12.180491382852495
318,318,318_0,COMPLETED,BoTorch,53797941.77252182,28.869802689764157,100.0
319,319,319_0,COMPLETED,BoTorch,4.530593202679573,0.6113844840823361,0.583065237667185
320,320,320_0,COMPLETED,BoTorch,11.969947379421786,2.418418930464995,6.164313668608926
321,321,321_0,COMPLETED,BoTorch,59.8015005660567,7.6355570842535485,58.69885769429297
322,322,322_0,COMPLETED,BoTorch,67342031.44267504,-30.341653250880753,100.0
323,323,323_0,COMPLETED,BoTorch,7865722197.028988,-94.70420012117262,100.0
324,324,324_0,COMPLETED,BoTorch,39.80016266114208,6.499242219954596,42.54931763490643
325,325,325_0,COMPLETED,BoTorch,16.25930888805057,4.789745572383069,22.803926037755758
326,326,326_0,COMPLETED,BoTorch,105.2323073408279,9.52326552276061,90.1217425241274
327,327,327_0,COMPLETED,BoTorch,2.398502902572256,0.8857402765464002,0.6300868938883042
328,328,328_0,COMPLETED,BoTorch,104.19556200187024,9.949344011665403,98.49847983018054
329,329,329_0,COMPLETED,BoTorch,6.777759681086059,3.2944969150318713,10.976715759926407
330,330,330_0,COMPLETED,BoTorch,21.59787673480696,4.166719078176158,17.021404274193614
331,331,331_0,COMPLETED,BoTorch,4.497400720530525,2.9463648712470842,8.596859986291776
332,332,332_0,COMPLETED,BoTorch,60.120468995326824,-5.832383800739976,34.38329322397007
333,333,333_0,COMPLETED,BoTorch,12.812466360706827,-0.2910403089907305,0.41855594462423085
334,334,334_0,COMPLETED,BoTorch,32824447.966514613,23.661993637212603,-13.031817918983762
335,335,335_0,COMPLETED,BoTorch,4013913856.1616664,-78.96543923702211,-100.0
336,336,336_0,COMPLETED,BoTorch,54.08115929865839,-6.136386635455423,37.83281191399925
337,337,337_0,COMPLETED,BoTorch,4511715951.93103,82.56467682190367,100.0
338,338,338_0,COMPLETED,BoTorch,51.22912528674553,-5.502790399608287,30.579748036456664
339,339,339_0,COMPLETED,BoTorch,223.79990112211595,6.355356304208556,41.78740757534854
340,340,340_0,COMPLETED,BoTorch,79.53633796996925,9.86534638139807,97.22800400831895
341,341,341_0,COMPLETED,BoTorch,17.512662071444442,-3.13294764338427,9.74967944347496
342,342,342_0,COMPLETED,BoTorch,37.98750065666092,-4.737813694035381,22.22182316912364
343,343,343_0,COMPLETED,BoTorch,123.54928833719241,-9.958344694293658,98.98251161705534
344,344,344_0,COMPLETED,BoTorch,65.11303945177741,-6.769443125390069,46.04327748221246
345,345,345_0,COMPLETED,BoTorch,62.795472156271416,6.368723615898347,39.97778306122555
346,346,346_0,COMPLETED,BoTorch,1868759762.2037728,65.8087389089334,7.879567129993248
347,347,347_0,COMPLETED,BoTorch,36.53605456425096,-3.3833024732569186,11.862941271738151
348,348,348_0,COMPLETED,BoTorch,53.079530426493314,8.109977895242366,65.93073028972162
349,349,349_0,COMPLETED,BoTorch,131.6653531019224,-9.642666664435154,93.40996094940652
350,350,350_0,COMPLETED,BoTorch,27.91735110224525,5.385582182182105,28.70980882740227
351,351,351_0,COMPLETED,BoTorch,7.431432914516617,2.024041987339558,3.8441045027217484
352,352,352_0,COMPLETED,BoTorch,24.836880115625704,5.879506969125288,34.6699576070456
353,353,353_0,COMPLETED,BoTorch,1063824042.2288886,57.352518605172804,27.68470015663918
354,354,354_0,COMPLETED,BoTorch,4812064118.348783,-83.88622711881871,100.0
355,355,355_0,COMPLETED,BoTorch,15.230168944390702,-0.8599187992294901,0.39637331142508003
356,356,356_0,COMPLETED,BoTorch,16.989029228502137,-2.7141895762047596,7.188112296646423
357,357,357_0,COMPLETED,BoTorch,58.34079814603944,8.559838213178011,73.37990105390602
358,358,358_0,COMPLETED,BoTorch,95.2278615521365,-8.677356675911014,75.42208278181431
359,359,359_0,COMPLETED,BoTorch,47.22089562866171,7.5509791196379865,57.2247842965954
360,360,360_0,COMPLETED,BoTorch,15.639385806655566,4.914375311971298,24.094777360706203
361,361,361_0,COMPLETED,BoTorch,3537053286.9526963,-77.28304209637113,25.360667944512215
362,362,362_0,COMPLETED,BoTorch,36.998957582339585,5.555988556517704,31.27202156768695
363,363,363_0,COMPLETED,BoTorch,29.71757674511705,5.2457212818124646,27.859519061981956
364,364,364_0,COMPLETED,BoTorch,11.69149514586618,4.419281795976104,19.5303189042845
365,365,365_0,COMPLETED,BoTorch,147215620.34487954,35.156712962370506,22.674831334228358
366,366,366_0,COMPLETED,BoTorch,18.323056492644774,0.3296314330779211,0.5314294266322008
367,367,367_0,COMPLETED,BoTorch,7.941350284483202,3.54553527278685,12.691717039656439
368,368,368_0,COMPLETED,BoTorch,22.600999064690733,5.7540436188205035,33.10819131716477
369,369,369_0,COMPLETED,BoTorch,452619684.2425329,46.241518514248696,10.796806742627581
370,370,370_0,COMPLETED,BoTorch,2.8087097743956226,1.9178971450921551,3.538109110935011
371,371,371_0,COMPLETED,BoTorch,1714250266.698671,-64.50615004658965,20.698027027396094
372,372,372_0,COMPLETED,BoTorch,102.91625517235737,-8.994277486004194,81.07111576897415
373,373,373_0,COMPLETED,BoTorch,62.95175996336346,-6.5867608701030775,43.15319431109543
374,374,374_0,COMPLETED,BoTorch,2.482463639569769,0.4559431754823038,0.3557512077527747
375,375,375_0,COMPLETED,BoTorch,67.83839354088147,0.1327429526463817,0.836682708388679
376,376,376_0,COMPLETED,BoTorch,9.623917553045636,-2.0857404905511743,4.382270111218304
377,377,377_0,COMPLETED,BoTorch,2880325621.857119,-72.57314568549654,-100.0
378,378,378_0,COMPLETED,BoTorch,588847436.9403058,-50.265420238300585,100.0
379,379,379_0,COMPLETED,BoTorch,10.713335542603854,4.079235216685447,16.751139501745072
380,380,380_0,COMPLETED,BoTorch,3.751938762341809,2.7546437109184296,7.506015389159742
381,381,381_0,COMPLETED,BoTorch,6.888119486315061,-1.29502238641453,1.5497648077427755
382,382,382_0,COMPLETED,BoTorch,8.411478290516005,-0.7064541359762444,0.26456747689067583
383,383,383_0,COMPLETED,BoTorch,3387767041.405723,75.63364318934387,-100.0
384,384,384_0,COMPLETED,BoTorch,21.98590487143935,5.048411009151337,25.72301815193437
385,385,385_0,COMPLETED,BoTorch,5617899975.11784,85.99569952196322,-100.0
386,386,386_0,COMPLETED,BoTorch,23.190125427422643,-0.5398912471506492,0.7477594524709161
387,387,387_0,COMPLETED,BoTorch,168.02627155998192,-7.971939955081979,62.61624893819402
388,388,388_0,COMPLETED,BoTorch,52.64103639133504,5.1276208260833585,25.695806282158557
389,389,389_0,COMPLETED,BoTorch,36.2566669886524,0.029385559660539684,-0.5933971606164476
390,390,390_0,COMPLETED,BoTorch,33.731056288552814,6.587890937618084,43.24198672431106
391,391,391_0,COMPLETED,BoTorch,51.48494601304488,-4.959240631396597,24.194412825158864
392,392,392_0,COMPLETED,BoTorch,13.819380076922513,4.576270950574909,21.04372828052368
393,393,393_0,COMPLETED,BoTorch,18.66874446668799,-3.2406188002706955,10.584429086798337
394,394,394_0,COMPLETED,BoTorch,6268424848.994955,-89.1160866061498,24.343547941449046
395,395,395_0,COMPLETED,BoTorch,12.585789163331889,-1.4702450653483652,2.416251235337313
396,396,396_0,COMPLETED,BoTorch,61.28903654270629,8.300522012661318,69.18135658959207
397,397,397_0,COMPLETED,BoTorch,8410351126.637195,95.40100779675612,-69.43950656118349
398,398,398_0,COMPLETED,BoTorch,30.958427325938693,6.088675539941505,36.84694075311333
399,399,399_0,COMPLETED,BoTorch,14.766794991817033,-1.8571398723562424,3.1919948348283214
400,400,400_0,COMPLETED,BoTorch,46.37816633623661,7.420084600450679,54.83048417553596
401,401,401_0,COMPLETED,BoTorch,241724997.78796604,-40.67855934433692,100.0
402,402,402_0,COMPLETED,BoTorch,29.40405136938942,-0.11688876979422957,-0.5169650475984895
403,403,403_0,COMPLETED,BoTorch,9.434242401722077,3.947228945083907,15.667108191170257
404,404,404_0,COMPLETED,BoTorch,1.4129342798786129,2.1878998317765195,4.79118150075972
405,405,405_0,COMPLETED,BoTorch,0.4300604663604057,1.5637065370698338,2.4116676273009148
406,406,406_0,COMPLETED,BoTorch,2481068.2831541547,-7.5836490574916695,-100.0
407,407,407_0,COMPLETED,BoTorch,29.929010788517072,-4.179621701677689,17.645320782873
408,408,408_0,COMPLETED,BoTorch,69.2969750732409,7.235726015307748,52.90720804097384
409,409,409_0,COMPLETED,BoTorch,3.3317920973345316,2.3496679302826777,5.398049652543804
410,410,410_0,COMPLETED,BoTorch,158773962.73394296,-35.089633199884275,-28.767880071908664
411,411,411_0,COMPLETED,BoTorch,41.88235659890005,6.920024555405391,47.62528878387974
412,412,412_0,COMPLETED,BoTorch,3.9051757439774297,2.8613355401997893,8.12086293332564
413,413,413_0,COMPLETED,BoTorch,8213971313.257406,-95.36349358340655,31.104809180184986
414,414,414_0,COMPLETED,BoTorch,9.563751490027578,1.2484814562863988,1.8669592265747639
415,415,415_0,COMPLETED,BoTorch,4.254277840564386,3.0391701557654898,9.267549253892653
416,416,416_0,COMPLETED,BoTorch,359.0797886141965,-7.504154339573688,58.00572878411862
417,417,417_0,COMPLETED,BoTorch,111.01091440768818,8.78159927090698,76.40615043119882
418,418,418_0,COMPLETED,BoTorch,4.493572265878729,-1.0808363432590937,1.1277482861379298
419,419,419_0,COMPLETED,BoTorch,3657335654.282919,77.98795787269052,34.53550337457537
420,420,420_0,COMPLETED,BoTorch,9.576801712321789,-1.6369844412090373,2.5177577332372323
421,421,421_0,COMPLETED,BoTorch,0.03227801016152716,0.8219070001900093,0.6778994361547888
422,422,422_0,COMPLETED,BoTorch,44.351156737264745,-5.32344810246974,28.130170026529584
423,423,423_0,COMPLETED,BoTorch,5908430927.707489,-87.41483217651664,-45.27388580959196
424,424,424_0,COMPLETED,BoTorch,19.94822021623668,-0.11351788415089459,0.44541721224658204
425,425,425_0,COMPLETED,BoTorch,6.86679282054131,1.7823953721324273,2.926840273848768
426,426,426_0,COMPLETED,BoTorch,19.57956823679706,4.222140396192771,18.129741342251407
427,427,427_0,COMPLETED,BoTorch,2.507253974898342,2.5359611838944573,6.469579928766606
428,428,428_0,COMPLETED,BoTorch,8.08721796555048,3.7309312457743715,13.840523784279753
429,429,429_0,COMPLETED,BoTorch,23.871431716465363,-3.6663074726058227,13.297000045954846
430,430,430_0,COMPLETED,BoTorch,31.739576217564956,-4.359836943164581,18.834634972894904
431,431,431_0,COMPLETED,BoTorch,62.48074511065619,-4.554065136360293,21.301942422878255
432,432,432_0,COMPLETED,BoTorch,11648185.564439338,-20.27870814934765,69.93825492410377
433,433,433_0,COMPLETED,BoTorch,11.772110668626729,2.1743867429617154,4.405577087480282
434,434,434_0,COMPLETED,BoTorch,20.690590364983763,-2.3508700732276537,5.2189822320306405
435,435,435_0,COMPLETED,BoTorch,4.867446122493881,3.1681774421472113,10.07814692033071
436,436,436_0,COMPLETED,BoTorch,1082329926.02734,-57.60662053590634,28.64964494690605
437,437,437_0,COMPLETED,BoTorch,14.598105631921472,4.707480924340729,22.06803539315463
438,438,438_0,COMPLETED,BoTorch,2.0236769848980023,0.9652251902914486,0.7894461771395669
439,439,439_0,COMPLETED,BoTorch,13.372660598551896,-2.65509443329141,7.038148716056895
440,440,440_0,COMPLETED,BoTorch,496660605.37407887,-47.60300670436973,37.46319270346825
441,441,441_0,COMPLETED,BoTorch,24.083913960340176,-3.813412098595279,14.446457355018083
442,442,442_0,COMPLETED,BoTorch,696893851.0724196,50.71393502083603,-67.96682861902329
443,443,443_0,COMPLETED,BoTorch,9.503225809892735,-0.37332241949270895,0.4153625879004892
444,444,444_0,COMPLETED,BoTorch,9.558244745007174,3.860764763780125,15.022733811492088
445,445,445_0,COMPLETED,BoTorch,16.696420732805656,4.306136129574355,18.782930931494548
446,446,446_0,COMPLETED,BoTorch,32.96101419936445,-2.379053688336569,6.124040937796977
447,447,447_0,COMPLETED,BoTorch,12.115219744646708,-2.245529322918287,5.1681699470957625
448,448,448_0,COMPLETED,BoTorch,997269801.7778378,-55.7529198453606,-49.564716337166594
449,449,449_0,COMPLETED,BoTorch,3.071122056357491,0.2442582275636198,0.21777521938250288
450,450,450_0,COMPLETED,BoTorch,113.73275354702184,-7.350425230295272,53.365402349268976
451,451,451_0,COMPLETED,BoTorch,118845131.42096321,31.46675839853259,-100.0
452,452,452_0,COMPLETED,BoTorch,10.814375387901649,3.4948915586330003,12.000026685969559
453,453,453_0,COMPLETED,BoTorch,3.7814971329199243,-0.9367965354379635,0.8601761683991356
454,454,454_0,COMPLETED,BoTorch,2.8485055349216397,-0.6415647366169566,0.37239169750968415
455,455,455_0,COMPLETED,BoTorch,0.7925520856956951,0.5661059223488536,0.24273995098565138
456,456,456_0,COMPLETED,BoTorch,44931087.56618172,-26.57101550897137,35.71798195251955
457,457,457_0,COMPLETED,BoTorch,27.701599119497875,6.2408411643545065,38.99659410959151
458,458,458_0,COMPLETED,BoTorch,3.4309491433792045,-0.7698519668224009,0.5380302024882866
459,459,459_0,COMPLETED,BoTorch,0.8537534542622132,1.086921831747972,1.0894100445597132
460,460,460_0,COMPLETED,BoTorch,5.3615264547167385,0.6829959381874176,0.6958529107399869
461,461,461_0,COMPLETED,BoTorch,4368590860.367282,-81.05784437329616,-39.152419610742314
462,462,462_0,COMPLETED,BoTorch,0.6721275069472018,1.624472897669932,2.6920310343914196
463,463,463_0,COMPLETED,BoTorch,13.346752632565606,-1.8222454865994422,3.552563161321217
464,464,464_0,COMPLETED,BoTorch,649800305.4943441,51.19289647871565,71.59949788530386
465,465,465_0,COMPLETED,BoTorch,37.25722052723064,-4.042056846200268,15.994204895994017
466,466,466_0,COMPLETED,BoTorch,1.6785462007224674,-0.23263784628265682,0.014226741386252684
467,467,467_0,COMPLETED,BoTorch,16.216298413923308,4.09237951024997,16.489626508242793
468,468,468_0,COMPLETED,BoTorch,103.0489806380035,8.002699264653202,63.30827250650714
469,469,469_0,COMPLETED,BoTorch,21.133019964583212,5.569350591023195,30.967262122854265
470,470,470_0,COMPLETED,BoTorch,13.155073706012777,1.9481535129385321,3.4452152832886327
471,471,471_0,COMPLETED,BoTorch,1884989462.2088323,-65.56529855748568,-42.83305575945916
472,472,472_0,COMPLETED,BoTorch,12.346189911217138,-1.7198140140835676,2.7353012211934953
473,473,473_0,COMPLETED,BoTorch,13.448375472168147,1.8536160812739269,3.79253967204842
474,474,474_0,COMPLETED,BoTorch,1008724211.980291,56.021399149888566,-37.63996652071058
475,475,475_0,COMPLETED,BoTorch,81.92208261258159,7.402930610999661,55.443104713580226
476,476,476_0,COMPLETED,BoTorch,3.0673345944700694,1.411504741006226,1.8221105481163562
477,477,477_0,COMPLETED,BoTorch,2136273455.3284802,67.62178856540311,-49.27274282755975
478,478,478_0,COMPLETED,BoTorch,18.500588935475292,-2.8442520960202557,8.282702998902039
479,479,479_0,COMPLETED,BoTorch,16.524747057874063,-2.968855560155987,8.726186751575085
480,480,480_0,COMPLETED,BoTorch,4.849487956523393,-1.1792027293777636,1.3588073408485855
481,481,481_0,COMPLETED,BoTorch,7.107661590229295,3.6173898317795903,13.034820729044341
482,482,482_0,COMPLETED,BoTorch,2.4743480808714855,0.927747680724238,1.0178503410000843
483,483,483_0,COMPLETED,BoTorch,5450794.718762912,14.056107056179812,-35.89157475330332
484,484,484_0,COMPLETED,BoTorch,49.81581054876726,-6.035237589120513,36.48077102575468
485,485,485_0,COMPLETED,BoTorch,13.954020437035478,3.0107743835978056,8.74994804974925
486,486,486_0,COMPLETED,BoTorch,5.581320108516977,2.2659271071644724,5.333893664143702
487,487,487_0,COMPLETED,BoTorch,2.1063492286215073,2.4017329154035565,5.730705300409241
488,488,488_0,COMPLETED,BoTorch,22.24050465459595,-3.295797816786518,11.05687579194894
489,489,489_0,COMPLETED,BoTorch,87.95998229761426,8.528642954954364,72.17846970799954
490,490,490_0,COMPLETED,BoTorch,0.7692333406615087,1.29156972103182,1.7508699626295225
491,491,491_0,COMPLETED,BoTorch,8871491682.244555,-96.7609507930459,-56.1729631109494
492,492,492_0,COMPLETED,BoTorch,126434826.40391429,-34.14620212118933,41.536193492279864
493,493,493_0,COMPLETED,BoTorch,56373032.215063274,-26.690277763995553,-38.443733523327
494,494,494_0,COMPLETED,BoTorch,33.78594160137563,-4.670947366342858,21.69022292659652
495,495,495_0,COMPLETED,BoTorch,9.773017060470348,-2.0145168781897382,4.141085562066678
496,496,496_0,COMPLETED,BoTorch,55.656621392259375,7.058249683502041,50.254253179396926
497,497,497_0,COMPLETED,BoTorch,2.6161321195540146,0.10862467088294636,-0.12316668186083746
498,498,498_0,COMPLETED,BoTorch,340250705.2779322,42.2928100455467,-55.902182877349475
499,499,499_0,COMPLETED,BoTorch,24.225383098212276,-3.5870076915200997,13.045082676612665
