{"_type": "AxClient", "experiment": {"__type": "Experiment", "name": "rosenbrock", "description": null, "experiment_type": null, "search_space": {"__type": "SearchSpace", "parameters": [{"__type": "RangeParameter", "name": "x1", "parameter_type": {"__type": "ParameterType", "name": "FLOAT"}, "lower": -100.0, "upper": 100.0, "log_scale": false, "logit_scale": false, "digits": null, "is_fidelity": false, "target_value": null}, {"__type": "RangeParameter", "name": "x2", "parameter_type": {"__type": "ParameterType", "name": "FLOAT"}, "lower": -100.0, "upper": 100.0, "log_scale": false, "logit_scale": false, "digits": null, "is_fidelity": false, "target_value": null}], "parameter_constraints": []}, "optimization_config": {"__type": "OptimizationConfig", "objective": {"__type": "Objective", "metric": {"name": "function", "lower_is_better": true, "properties": {}, "__type": "Metric"}, "minimize": true}, "outcome_constraints": [], "risk_measure": null}, "tracking_metrics": [], "runner": null, "status_quo": null, "time_created": {"__type": "datetime", "value": "2024-01-28 14:19:53.751759"}, "trials": {}, "is_test": false, "data_by_trial": {}, "properties": {"immutable_search_space_and_opt_config": true}, "default_data_type": {"__type": "DataType", "name": "DATA"}}, "generation_strategy": {"__type": "GenerationStrategy", "db_id": null, "name": "Sobol+BoTorch", "steps": [{"__type": "GenerationStep", "model": {"__type": "Models", "name": "SOBOL"}, "num_trials": 5, "min_trials_observed": 3, "completion_criteria": [], "max_parallelism": null, "use_update": false, "enforce_num_trials": true, "model_kwargs": {"deduplicate": true, "seed": null}, "model_gen_kwargs": {}, "index": 0, "should_deduplicate": false, "transition_criteria": [{"threshold": 5, "only_in_statuses": null, "not_in_statuses": [{"__type": "TrialStatus", "name": "FAILED"}, {"__type": "TrialStatus", "name": "ABANDONED"}], "transition_to": "GenerationStep_1", "block_transition_if_unmet": true, "block_gen_if_met": true, "__type": "MaxTrials"}, {"threshold": 3, "only_in_statuses": [{"__type": "TrialStatus", "name": "COMPLETED"}, {"__type": "TrialStatus", "name": "EARLY_STOPPED"}], "not_in_statuses": null, "transition_to": "GenerationStep_1", "block_transition_if_unmet": true, "block_gen_if_met": false, "__type": "MinTrials"}]}, {"__type": "GenerationStep", "model": {"__type": "Models", "name": "BOTORCH_MODULAR"}, "num_trials": -1, "min_trials_observed": 0, "completion_criteria": [], "max_parallelism": 3, "use_update": false, "enforce_num_trials": true, "model_kwargs": {"torch_device": null, "transform_configs": {"Derelativize": {"use_raw_status_quo": false}, "Winsorize": {"derelativize_with_raw_status_quo": false}}, "transforms": [{"__type": "Type[Transform]", "index_in_registry": 16, "transform_type": "<class 'ax.modelbridge.transforms.winsorize.Winsorize'>"}, {"__type": "Type[Transform]", "index_in_registry": 9, "transform_type": "<class 'ax.modelbridge.transforms.remove_fixed.RemoveFixed'>"}, {"__type": "Type[Transform]", "index_in_registry": 7, "transform_type": "<class 'ax.modelbridge.transforms.choice_encode.OrderedChoiceEncode'>"}, {"__type": "Type[Transform]", "index_in_registry": 6, "transform_type": "<class 'ax.modelbridge.transforms.one_hot.OneHot'>"}, {"__type": "Type[Transform]", "index_in_registry": 3, "transform_type": "<class 'ax.modelbridge.transforms.int_to_float.IntToFloat'>"}, {"__type": "Type[Transform]", "index_in_registry": 5, "transform_type": "<class 'ax.modelbridge.transforms.log.Log'>"}, {"__type": "Type[Transform]", "index_in_registry": 20, "transform_type": "<class 'ax.modelbridge.transforms.logit.Logit'>"}, {"__type": "Type[Transform]", "index_in_registry": 15, "transform_type": "<class 'ax.modelbridge.transforms.unit_x.UnitX'>"}, {"__type": "Type[Transform]", "index_in_registry": 4, "transform_type": "<class 'ax.modelbridge.transforms.ivw.IVW'>"}, {"__type": "Type[Transform]", "index_in_registry": 1, "transform_type": "<class 'ax.modelbridge.transforms.derelativize.Derelativize'>"}, {"__type": "Type[Transform]", "index_in_registry": 11, "transform_type": "<class 'ax.modelbridge.transforms.standardize_y.StandardizeY'>"}]}, "model_gen_kwargs": {}, "index": 1, "should_deduplicate": false, "transition_criteria": [{"threshold": 3, "only_in_statuses": [{"__type": "TrialStatus", "name": "RUNNING"}], "not_in_statuses": null, "transition_to": null, "block_transition_if_unmet": false, "block_gen_if_met": true, "__type": "MaxGenerationParallelism"}]}], "curr_index": 0, "generator_runs": [], "had_initialized_model": false, "experiment": {"__type": "Experiment", "name": "rosenbrock", "description": null, "experiment_type": null, "search_space": {"__type": "SearchSpace", "parameters": [{"__type": "RangeParameter", "name": "x1", "parameter_type": {"__type": "ParameterType", "name": "FLOAT"}, "lower": -100.0, "upper": 100.0, "log_scale": false, "logit_scale": false, "digits": null, "is_fidelity": false, "target_value": null}, {"__type": "RangeParameter", "name": "x2", "parameter_type": {"__type": "ParameterType", "name": "FLOAT"}, "lower": -100.0, "upper": 100.0, "log_scale": false, "logit_scale": false, "digits": null, "is_fidelity": false, "target_value": null}], "parameter_constraints": []}, "optimization_config": {"__type": "OptimizationConfig", "objective": {"__type": "Objective", "metric": {"name": "function", "lower_is_better": true, "properties": {}, "__type": "Metric"}, "minimize": true}, "outcome_constraints": [], "risk_measure": null}, "tracking_metrics": [], "runner": null, "status_quo": null, "time_created": {"__type": "datetime", "value": "2024-01-28 14:19:53.751759"}, "trials": {}, "is_test": false, "data_by_trial": {}, "properties": {"immutable_search_space_and_opt_config": true}, "default_data_type": {"__type": "DataType", "name": "DATA"}}}, "_enforce_sequential_optimization": true}